{
  "version": 1,
  "author": "Bhanu Prakash",
  "editor": "wokwi",
  "parts": [
    { "type": "wokwi-arduino-uno", "id": "uno", "top": 0.6, "left": -0.6, "attrs": {} },
    { "type": "wokwi-microphone", "id": "mic1", "top": -50, "left": -100, "attrs": {} },
    {
      "type": "wokwi-led",
      "id": "led1",
      "top": -99.6,
      "left": 176.6,
      "attrs": { "color": "red" }
    },
    {
      "type": "wokwi-resistor",
      "id": "res1",
      "top": -63.25,
      "left": 48,
      "attrs": { "value": "220" }
    }
  ],
  "connections": [
    [ "led1:C", "res1:2", "green", [ "v0" ] ],
    [ "res1:1", "uno:GND.1", "green", [ "v19.2", "h57.6", "v9.6" ] ],
    [ "led1:A", "uno:13", "green", [ "v28.8", "h-38.4" ] ],
    [ "mic1:1", "uno:5V", "green", [ "v0" ] ],
    [ "mic1:2", "uno:A0", "green", [ "v167.42", "h286.98" ] ]
  ],
  "dependencies": {}
}